{"accuracy": [0.12053179740905762, 0.3218750059604645, 0.46285635232925415, 0.5382675528526306, 0.5878289341926575, 0.6278234720230103, 0.6532072424888611, 0.6731085777282715, 0.6969298124313354, 0.7166666388511658, 0.7346765398979187, 0.7504112124443054, 0.7638157606124878, 0.7759868502616882, 0.7927083373069763, 0.7990953922271729, 0.8110471367835999, 0.8208881616592407, 0.8292489051818848, 0.8340734839439392], "loss": [2.780198574066162, 2.137638568878174, 1.7117457389831543, 1.4630776643753052, 1.3079184293746948, 1.1863001585006714, 1.08906888961792, 1.0186196565628052, 0.9409493207931519, 0.8723861575126648, 0.820040762424469, 0.7630448341369629, 0.7183279395103455, 0.6774987578392029, 0.6338180899620056, 0.5986781716346741, 0.5648057460784912, 0.5363903045654297, 0.5117940902709961, 0.49941009283065796], "val_accuracy": [0.25668859481811523, 0.4328947365283966, 0.5558114051818848, 0.5981359481811523, 0.6200658082962036, 0.6350877285003662, 0.6526315808296204, 0.6585526466369629, 0.6765350699424744, 0.6805921196937561, 0.6849780678749084, 0.6833333373069763, 0.6799342036247253, 0.6888157725334167, 0.6893640160560608, 0.6930921077728271, 0.698903501033783, 0.7007675170898438, 0.7024123072624207, 0.7044956088066101], "val_loss": [2.3376126289367676, 1.835734248161316, 1.4389114379882812, 1.2945884466171265, 1.2239103317260742, 1.1904966831207275, 1.123792052268982, 1.0968916416168213, 1.0644744634628296, 1.0499999523162842, 1.0342994928359985, 1.0440164804458618, 1.0539106130599976, 1.0756831169128418, 1.054504632949829, 1.0444467067718506, 1.0532718896865845, 1.0346572399139404, 1.0270024538040161, 1.0285208225250244]}