{"accuracy": [0.22798794507980347, 0.4554276168346405, 0.5863760709762573, 0.6717379093170166, 0.7399396896362305, 0.7913377285003662, 0.8209155797958374, 0.8482456207275391, 0.8775493502616882, 0.8967927694320679, 0.9055920839309692, 0.9200931787490845, 0.9277960658073425, 0.933278501033783, 0.933360755443573, 0.9431743621826172, 0.9470394849777222, 0.949451744556427, 0.9518366456031799, 0.9524123072624207], "loss": [2.48932147026062, 1.7466002702713013, 1.3338121175765991, 1.0510530471801758, 0.8275765180587769, 0.6571905016899109, 0.5506905913352966, 0.45618268847465515, 0.3654022216796875, 0.30233341455459595, 0.2706909775733948, 0.23273593187332153, 0.2120450884103775, 0.19316914677619934, 0.1949988156557083, 0.16993705928325653, 0.1579125076532364, 0.1500866562128067, 0.14632530510425568, 0.14479145407676697], "val_accuracy": [0.3788377046585083, 0.4683113992214203, 0.484649121761322, 0.4907894730567932, 0.48322367668151855, 0.46348685026168823, 0.4521929919719696, 0.47127193212509155, 0.4676535129547119, 0.4621710479259491, 0.46195176243782043, 0.472697377204895, 0.47050437331199646, 0.4683113992214203, 0.47587719559669495, 0.4817982316017151, 0.4668859541416168, 0.4768640398979187, 0.4718201756477356, 0.4719298183917999], "val_loss": [2.018131732940674, 1.7023953199386597, 1.7218421697616577, 1.899226188659668, 2.1094274520874023, 2.516092300415039, 2.8687891960144043, 3.156803846359253, 3.6706149578094482, 4.241313934326172, 4.38983154296875, 4.565654754638672, 4.765538215637207, 4.876727104187012, 5.02460241317749, 5.343145847320557, 5.217801094055176, 5.578956604003906, 5.711298942565918, 6.102553844451904]}