{"accuracy": [0.08308662474155426, 0.13651315867900848, 0.16770833730697632, 0.19512061774730682, 0.21195174753665924, 0.22606907784938812, 0.25800439715385437, 0.26049891114234924, 0.3377741277217865, 0.36707785725593567, 0.4155701696872711, 0.39671051502227783, 0.35013705492019653, 0.46699562668800354, 0.5177083611488342], "loss": [3.32798433303833, 2.835114002227783, 2.6383111476898193, 2.548130512237549, 2.507776975631714, 2.45485520362854, 2.358490467071533, 2.3430752754211426, 2.0853922367095947, 1.9836468696594238, 1.8356906175613403, 1.894486904144287, 2.0526516437530518, 1.6549893617630005, 1.494149923324585], "val_accuracy": [0.09901315718889236, 0.10471491515636444, 0.12203947454690933, 0.18618421256542206, 0.21458333730697632, 0.23399123549461365, 0.09035087376832962, 0.11885964870452881, 0.32072368264198303, 0.2469298243522644, 0.2635965049266815, 0.24429824948310852, 0.3129386007785797, 0.4578947424888611, 0.4439693093299866], "val_loss": [14.510802268981934, 2.955980062484741, 2.8148272037506104, 2.587059259414673, 2.496572256088257, 2.466409683227539, 3.14705491065979, 3.3954927921295166, 2.137603521347046, 2.470811128616333, 2.506593704223633, 2.4978439807891846, 2.2742345333099365, 1.767760157585144, 1.8443385362625122]}