{"accuracy": [0.16280153393745422, 0.44695723056793213, 0.6585800647735596, 0.7632401585578918, 0.7608278393745422, 0.847806990146637, 0.9116228222846985, 0.9203399419784546, 0.9384320378303528, 0.9135690927505493, 0.9511513113975525, 0.9517818093299866, 0.9576206207275391, 0.9622806906700134, 0.969298243522644], "loss": [2.805009365081787, 1.7540483474731445, 1.0854507684707642, 0.7455911040306091, 0.7797259092330933, 0.4803714156150818, 0.2766646146774292, 0.251346230506897, 0.1898864209651947, 0.2789973318576813, 0.15413661301136017, 0.15685413777828217, 0.13694532215595245, 0.12276021391153336, 0.10323086380958557], "val_accuracy": [0.03914473578333855, 0.10153508931398392, 0.6792762875556946, 0.1512061357498169, 0.6671052575111389, 0.7245613932609558, 0.7025219202041626, 0.5861842036247253, 0.7163377404212952, 0.7071272134780884, 0.7244517803192139, 0.300548255443573, 0.7121710777282715, 0.7277412414550781, 0.7258771657943726], "val_loss": [3.773552179336548, 3.4381375312805176, 1.0465666055679321, 11.656908988952637, 1.1567763090133667, 1.0845489501953125, 1.2106491327285767, 2.050293207168579, 1.2959074974060059, 1.3948414325714111, 1.3658854961395264, 2.4829635620117188, 1.4777395725250244, 1.6180225610733032, 1.3290568590164185]}