{"accuracy": [0.09956140071153641, 0.19185855984687805, 0.2939967215061188, 0.3883497714996338, 0.4573739171028137, 0.5106908082962036, 0.5529056787490845, 0.5949835777282715, 0.6493147015571594, 0.6723135709762573, 0.719024121761322, 0.7442708611488342, 0.7816063761711121, 0.7828673124313354, 0.8200109601020813, 0.8387609720230103, 0.8559484481811523, 0.8665295839309692, 0.8870065808296204, 0.8958333134651184], "loss": [2.9184410572052, 2.5504181385040283, 2.2192962169647217, 1.9100483655929565, 1.6942042112350464, 1.5130767822265625, 1.3804783821105957, 1.2361708879470825, 1.0604740381240845, 0.994811475276947, 0.8355700969696045, 0.7610481381416321, 0.6449455618858337, 0.6515071392059326, 0.5304876565933228, 0.47447606921195984, 0.42455410957336426, 0.39283332228660583, 0.33322516083717346, 0.31026187539100647], "val_accuracy": [0.1415570229291916, 0.25142544507980347, 0.34857454895973206, 0.3233552575111389, 0.44967105984687805, 0.47697368264198303, 0.48903509974479675, 0.5089912414550781, 0.5173245668411255, 0.5228070020675659, 0.5254386067390442, 0.5373903512954712, 0.5202850699424744, 0.5459429621696472, 0.5326754450798035, 0.5247806906700134, 0.5407894849777222, 0.551096498966217, 0.5435307025909424, 0.5410087704658508], "val_loss": [2.78342604637146, 2.3428165912628174, 2.1254258155822754, 4.692951202392578, 1.7416670322418213, 1.6747418642044067, 1.7082945108413696, 1.6467764377593994, 1.7117599248886108, 1.7826122045516968, 1.8910473585128784, 1.84590744972229, 2.0324065685272217, 1.8848403692245483, 2.201420307159424, 2.3343138694763184, 2.283294200897217, 2.2585628032684326, 2.4082398414611816, 2.5206360816955566]}